{
    "timestamp": "2026-06-04T10:34:43",
    "title": "3 フロー電位測定",
    "lines": [
        "Frequency = 5000 Hz",
        "VL_rms = 0.73822 ± 0.00894 V",
        "VR_rms = 0.86267 ± 0.00000 V",
        "Irms = 0.015405 ± 0.000000 A",
        "XL = 47.92131 ± 0.58061 Ω",
        "L = 1.52538 ± 0.01848 mH"
    ],
    "values": {
        "frequency_Hz": 5000.0,
        "VL_rms_mean_V": 0.7382194498850195,
        "VL_rms_std_V": 0.008944263379399802,
        "VR_rms_mean_V": 0.8626702932708417,
        "VR_rms_std_V": 1.1702778228589004e-16,
        "Irms_mean_A": 0.015404826665550745,
        "Irms_std_A": 1.828559098217032e-18,
        "XL_mean_ohm": 47.92130842574638,
        "XL_std_ohm": 0.5806143472812675,
        "L_mean_H": 0.0015253826230777659,
        "L_std_H": 1.8481528679977612e-05
    }
}