Frequency [Hz],n_repeat,VC_rms_fft_mean [V],VC_rms_fft_std [V],VC_phase_mean [deg],VC_phase_std [deg],VR_rms_fft_mean [V],VR_rms_fft_std [V],VR_phase_mean [deg],VR_phase_std [deg],Irms_mean [A],Irms_std [A],XC_mean [Ohm],XC_std [Ohm],C_mean [F],C_std [F]
2000.0,10,0.8766128809867247,0.005576088282923548,-103.85892773505613,0.1274343634803104,1.1097728571977528,0.004234622565829001,81.9075720666683,0.04545179245277571,0.01981737806405645,7.561826010408911e-05,44.2342993454952,0.12505888876770793,1.7990121476969986e-06,5.067141452333768e-09
