Frequency [Hz],n_repeat,VC_rms_fft_mean [V],VC_rms_fft_std [V],VC_phase_mean [deg],VC_phase_std [deg],VR_rms_fft_mean [V],VR_rms_fft_std [V],VR_phase_mean [deg],VR_phase_std [deg],Irms_mean [A],Irms_std [A],XC_mean [Ohm],XC_std [Ohm],C_mean [F],C_std [F]
500.0,2,1.1703176641708761,0.0004998943910885842,28.49168874116694,0.0277661779786737,1.0169506059257802,0.0004984723716452393,117.4072331137787,0.011490612838728207,0.01815983243127134,8.901292350806793e-06,64.44540473527752,0.004061325863286962,4.9392177475398355e-06,3.1126769806007053e-10
