{
    "timestamp": "2026-06-10T20:33:17",
    "title": "4 キルヒホッフの法則(キャパシタ)",
    "lines": [
        "--- Capacitor measurement summary ---",
        "Frequency = 500 Hz",
        "VC_rms by FFT = 1.120155 ± 0.001037 V",
        "VC_phase by FFT = 27.922 ± 0.023 deg",
        "VR_rms by FFT = 0.963684 ± 0.000510 V",
        "VR_phase by FFT = 116.422 ± 0.064 deg",
        "Irms = 0.017209 ± 0.000009 A",
        "XC = 65.092510 ± 0.025783 Ω",
        "C = 4.890116 ± 0.001937 μF"
    ],
    "values": {
        "frequency_Hz": 500.0,
        "VC_rms_fft_V": 1.1201545731777354,
        "VC_rms_fft_std_V": 0.0010367234467421854,
        "VC_phase_deg_fft": 27.92184328045332,
        "VC_phase_deg_fft_std": 0.022722256042582357,
        "VR_rms_fft_V": 0.963684342938811,
        "VR_rms_fft_std_V": 0.0005102002824716211,
        "VR_phase_deg_fft": 116.42152125484817,
        "VR_phase_deg_fft_std": 0.06376253909930399,
        "Irms_A": 0.01720865430915522,
        "Irms_A_std": 9.110719329851429e-06,
        "XC_ohm": 65.09250982952408,
        "XC_ohm_std": 0.025782600500826997,
        "C_F": 4.890115805751489e-06,
        "C_F_std": 1.9369341042868796e-09
    }
}