Frequency [Hz],1/f [1/Hz],Vrms_mean [V],Vrms_std [V],Irms_mean [A],Irms_std [A],XC_mean [Ohm],XC_std [Ohm]
200,0.005,0.6081118419320578,0.0,0.003908119628,3.380303403109188e-06,155.60224965673405,0.13464488270632605
500,0.002,0.35921023945461245,0.007745959314381554,0.005612243524000001,8.032678154966507e-06,64.00369711237443,1.3140896976954906
1000,0.001,0.21213204277053493,0.0,0.006132822761999999,7.084976700650994e-06,34.589662466940055,0.03996780172655256
2000,0.0005,0.11596550898211075,0.006324554007991523,0.006280726287999999,6.980122867007289e-06,18.463626543451692,1.004673729650491
5000,0.0002,0.06505382083567428,0.007745965085126741,0.006325537806,6.9957168803262034e-06,10.284143665221091,1.222788878000264
