Frequency [Hz],1/f [1/Hz],Vrms_mean [V],Vrms_std [V],Irms_mean [A],Irms_std [A],XC_mean [Ohm],XC_std [Ohm]
200,0.005,0.6254500776146903,0.0030209204259701214,0.0040031999339999996,8.604874179288e-06,156.23810371601496,0.8248885127313953
500,0.002,0.3838740863077499,0.0,0.005931247862,4.108461589904254e-06,64.72065283671158,0.04486388873587715
1000,0.001,0.21399879835133281,0.0010069696281598981,0.006558308752,5.983602562091823e-06,32.630160624588676,0.14514179363653795
2000,0.0005,0.1109705110709421,0.0006041844854176193,0.0067580882440000005,5.888320070986242e-06,16.420469530242833,0.10316747387478353
5000,0.0002,0.045696690018696605,0.00021927332907354077,0.006810924692,5.660815868885154e-06,6.709337805864562,0.035553358358254565
