Frequency [Hz],1/f [1/Hz],Vrms_mean [V],Vrms_std [V],Irms_mean [A],Irms_std [A],XC_mean [Ohm],XC_std [Ohm]
200,0.005,0.6243469934402024,0.002466571199059334,0.00400386015,5.309088377381688e-06,155.9368209623554,0.7447084470487112
500,0.002,0.3838740863077499,0.0,0.00593263423,5.551318392008354e-06,64.7055490585624,0.06055049168768661
1000,0.001,0.2143664916713767,0.0010069696281598981,0.006564391686,5.446667633042155e-06,32.65599937013902,0.16207554080773365
2000,0.0005,0.1109705131781203,0.000604186408984039,0.006756323111999999,4.866228623669383e-06,16.424683547532414,0.08712548525941706
5000,0.0002,0.04599087606037328,0.00021927332907354074,0.006813693234,5.1769924010646816e-06,6.7497765547948685,0.03294732569704833
