Frequency [Hz],1/f [1/Hz],Vrms_mean [V],Vrms_std [V],Irms_mean [A],Irms_std [A],XC_mean [Ohm],XC_std [Ohm]
200.0,0.005,1.8624948609813377,0.0,0.011317197233333333,6.663360813685475e-07,164.57209562453534,0.009689979790535373
230.0,0.004347826086956522,1.7669758285116888,0.00884541985278197,0.012350601433333332,3.8551022195696215e-06,143.06786050196325,0.6719352574431438
300.0,0.0033333333333333335,1.5497195578596827,0.0,0.014208633766666668,2.6280904304138966e-05,109.06911370160975,0.20170443933554205
400.0,0.0025,1.3108345922233025,0.0,0.0159307203,5.60051245155203e-06,82.28345457852171,0.028921875292816604
500.0,0.002,1.1231926922582731,0.0,0.016970098033333332,1.2532947950633595e-06,66.18657677381877,0.004888124857300839
1000.0,0.001,0.6232439092657144,0.0,0.018753140566666663,9.916589334208355e-06,33.23411474613571,0.01757317452020026
2000.0,0.0005,0.32651361632054504,0.0,0.019301465433333335,1.106962348471496e-05,16.916523205343438,0.009699459213508616
5000.0,0.0002,0.13976025972461256,0.0007783615773927358,0.0194768558,4.065429395524299e-06,7.175714525034504,0.04125628071953875
