Frequency [Hz],1/f [1/Hz],Vrms_mean [V],Vrms_std [V],Irms_mean [A],Irms_std [A],XC_mean [Ohm],XC_std [Ohm]
200.0,0.005,0.6232439092657145,1.1702778228589004e-16,0.003993939094999999,6.464765157493283e-06,156.0477921717158,0.252407452445911
300.0,0.0033333333333333335,0.5256017194692273,0.0014340798814110704,0.0049533482640000005,1.95897239682715e-05,106.11231280098528,0.6000794712744959
400.0,0.0025,0.4445494059221452,0.0,0.005534138718000001,2.55513333267136e-06,80.3285775519276,0.037079977648524075
500.0,0.002,0.38056484219885683,5.851389114294502e-17,0.005895082002000001,6.626259950311885e-06,64.55640058575716,0.0726081359729492
1000.0,0.001,0.2123441784111355,0.0009689569764731868,0.0065020760049999985,3.941965821381271e-06,32.657925250870804,0.15266911946056833
2000.0,0.0005,0.11041896791596686,0.000348823854126359,0.006698180875000001,7.428699374036178e-06,16.484932386181345,0.05360088248631343
5000.0,0.0002,0.046922456296946094,0.00023683973705251697,0.0067466913259999995,7.307398885064947e-06,6.95488798309208,0.0351519079735783
