Frequency [Hz],1/f [1/Hz],Vrms_mean [V],Vrms_std [V],Irms_mean [A],Irms_std [A],XC_mean [Ohm],XC_std [Ohm]
200.0,0.005,1.8624948609813377,0.0,0.0113160579,5.735513839231387e-07,164.58866511906157,0.008341903322688644
300.0,0.0033333333333333335,1.550443977867564,0.0,0.014204600833333332,9.24271537229899e-06,109.15086129942488,0.07100272375353364
400.0,0.0025,1.3108345922233025,0.0,0.015924124066666667,2.589266885302798e-06,82.31753343808651,0.013386087770032981
500.0,0.002,1.1231926922582731,0.0,0.0169698925,4.402445164905494e-06,66.1873811316955,0.0171733409539493
1000.0,0.001,0.6232439092657144,0.0,0.01874731916666667,1.0193369771736306e-05,33.24443492698838,0.0180743992581226
2000.0,0.0005,0.32651361632054504,0.0,0.019289039066666666,4.144586715624374e-06,16.927417962116618,0.003636738033185317
5000.0,0.0002,0.13972967867625888,0.0,0.0194522105,6.529675759944701e-06,7.183229339087018,0.002411476054435313
