Frequency [Hz],1/f [1/Hz],Vrms_mean [V],Vrms_std [V],Irms_mean [A],Irms_std [A],XC_mean [Ohm],XC_std [Ohm]
200,0.005,0.61376870763668,0.0,0.003907445634,4.551224473559793e-06,157.07688119606578,0.18291660579229424
500,0.002,0.3583617222349173,0.004427188281516885,0.0056067937059999995,5.678137797595137e-06,63.91544373431141,0.7679471130721734
1000,0.001,0.19798989958076144,0.0,0.006129869352,7.373028836053081e-06,32.29924115347144,0.03880000064463322
2000,0.0005,0.11681404939490832,0.00442718828151686,0.006291725299999999,3.039686516797507e-06,18.566390705264944,0.7064862087903634
5000,0.0002,0.05939697407444271,0.0,0.006329833624,3.5816465925925285e-06,9.383657269214433,0.005313311477440737
