Frequency [Hz],1/f [1/Hz],Vrms_mean [V],Vrms_std [V],Irms_mean [A],Irms_std [A],XC_mean [Ohm],XC_std [Ohm]
200,0.005,0.6232439092657145,1.1702778228589004e-16,0.003999427101,4.73586012466688e-06,155.83349326352214,0.18462831373674216
500,0.002,0.38056484219885683,5.851389114294502e-17,0.005896086897,5.255165330419798e-06,64.54537065928587,0.05751112738665655
1000,0.001,0.2117926384310697,0.0007751655811785495,0.006511770282,7.880872149249688e-06,32.52460735742606,0.1186885597750384
2000,0.0005,0.11008804245148844,0.00046510289958307,0.006703031621,4.09459128514812e-06,16.423610985652196,0.06631504618727066
5000,0.0002,0.04638312097638807,0.0002531923290354781,0.006759239082,4.491737990357017e-06,6.862189390209901,0.038890943570385396
