Frequency [Hz],1/f [1/Hz],Vrms_mean [V],Vrms_std [V],Irms_mean [A],Irms_std [A],XC_mean [Ohm],XC_std [Ohm]
200,0.005,0.610940316927933,0.0,0.0039040753159999995,3.988339302708466e-06,156.4879715843162,0.15989909191146914
500,0.002,0.3620386891502071,0.0,0.005610514618,3.15271096388e-06,64.5286226506612,0.036282559734951876
1000,0.001,0.1979899206525435,0.0,0.00612553563,6.20622585816454e-06,32.322084989070234,0.03274613566991182
2000,0.0005,0.11313709298015422,0.0,0.006286023742,6.381866173187066e-06,17.998211732820767,0.018271677351326017
5000,0.0002,0.0565685412221316,0.0,0.00632795347,6.309564065733835e-06,8.939475692885862,0.008916751027604823
