Frequency [Hz],1/f [1/Hz],Vrms_mean [V],Vrms_std [V],Irms_mean [A],Irms_std [A],XC_mean [Ohm],XC_std [Ohm]
200.0,0.005,0.6232439092657145,1.1702778228589004e-16,0.003977013377999999,6.447928827775755e-06,156.71191505616974,0.25389824448998444
500.0,0.002,0.37394631183750626,0.0,0.005822969366999999,6.941437339757577e-06,64.21926109286889,0.07655766499365714
1000.0,0.001,0.21013800374062494,0.0008880739166065273,0.006416140078999999,5.79302747223585e-06,32.751491473183535,0.1414956420522933
2000.0,0.0005,0.10843340987882848,0.0005328423108207091,0.006599253322999999,5.758357876447671e-06,16.43120974884859,0.08950613323513147
5000.0,0.0002,0.0450102574594083,0.0003100971170448032,0.006643777296000001,3.846594031868324e-06,6.774815641116109,0.049086093669447974
