Frequency [Hz],1/f [1/Hz],Vrms_mean [V],Vrms_std [V],Irms_mean [A],Irms_std [A],XC_mean [Ohm],XC_std [Ohm]
200,0.005,0.6243469934402024,0.002466571199059334,0.004003939872,2.7337719685210103e-06,155.9329733995222,0.5433961037325147
500,0.002,0.3838740863077499,0.0,0.005933596194,5.551693127837703e-06,64.69505888449183,0.060535568618942236
1000,0.001,0.21473418499142052,0.0008221872584906204,0.0065656911580000005,3.6067365973091647e-06,32.705490588932555,0.12220395013414405
2000,0.0005,0.11153860000133804,0.0,0.00675989967,3.6784257902122685e-06,16.500041696304173,0.00897683454317859
5000,0.0002,0.04589281404648106,0.0002685538852157793,0.006813619284,4.1908541941625495e-06,6.735468070291885,0.042255669332509946
