Frequency [Hz],1/f [1/Hz],Vrms_mean [V],Vrms_std [V],Irms_mean [A],Irms_std [A],XC_mean [Ohm],XC_std [Ohm]
200,0.005,0.6100917154281806,0.0018973421675061062,0.003907517296,4.440167709296635e-06,156.1331587270169,0.5780891259047704
500,0.002,0.362321519792369,0.0023238062548895998,0.00560632348,6.106368072099057e-06,64.62701468115634,0.3485710021854106
