Frequency [Hz],1/f [1/Hz],Vrms_mean [V],Vrms_std [V],Irms_mean [A],Irms_std [A],XC_mean [Ohm],XC_std [Ohm]
200.0,0.005,1.8624948609813377,0.0,0.011337429599999999,8.454538274205413e-06,164.27846673569852,0.12249586407214469
500.0,0.002,1.1231926922582731,0.0,0.017036085333333333,6.498898585402185e-06,65.93021690558572,0.025155907678647442
1000.0,0.001,0.6232439092657144,0.0,0.01883191366666667,1.4629676904627596e-06,33.09509181089289,0.002570898282974359
2000.0,0.0005,0.32651361632054504,0.0,0.019398011266666664,7.753641837441246e-06,16.832326087857613,0.006727662779892845
5000.0,0.0002,0.13278405365798557,0.0007076605873149971,0.0195652414,3.520102002782309e-06,6.786728019136764,0.034949951495622966
