Frequency [Hz],1/f [1/Hz],Vrms_mean [V],Vrms_std [V],Irms_mean [A],Irms_std [A],XC_mean [Ohm],XC_std [Ohm]
200.0,0.005,0.6232439092657144,0.0,0.0039727573,5.970782232597471e-06,156.87966836012663,0.2357565231820189
2000.0,0.0005,0.10847017949155426,0.0006368683741567609,0.006592538053333334,3.3501652549143065e-06,16.453485652496223,0.09819926751203145
5000.0,0.0002,0.04510831789998795,8.498374721940739e-18,0.006645711293333333,4.81964554299717e-06,6.787585514833243,0.004920612457096348
