Frequency [Hz],1/f [1/Hz],Vrms_mean [V],Vrms_std [V],Irms_mean [A],Irms_std [A],XC_mean [Ohm],XC_std [Ohm]
200.0,0.005,1.8624948609813377,0.0,0.0113276622,5.640228788799773e-06,164.42008385033114,0.08185064109387225
230.0,0.004347826086956522,1.7720827340447876,0.00884541985278197,0.012358060766666666,6.5340783698495804e-06,143.39479732323494,0.6840417958709331
300.0,0.0033333333333333335,1.5497195578596827,0.0,0.014220000233333334,1.7535217730137895e-05,108.9817934812932,0.13437590046654502
400.0,0.0025,1.3108345922233025,0.0,0.015952941666666665,4.50500289271118e-06,82.16883690110087,0.023200142856220154
500.0,0.002,1.1231926922582731,0.0,0.017008963333333335,1.0431590870204856e-05,66.03535746826826,0.040495704025356814
1000.0,0.001,0.6232439092657144,0.0,0.0187912006,7.516480758966232e-07,33.16679562935976,0.001326660895610916
2000.0,0.0005,0.32651361632054504,0.0,0.019350765899999997,5.260074449091992e-06,16.873421656257744,0.004585968017602019
5000.0,0.0002,0.13237548562740437,0.0,0.019517589999999998,8.406470681564317e-06,6.782369237289015,0.0029217877861331034
