Frequency [Hz],1/f [1/Hz],Vrms_mean [V],Vrms_std [V],Irms_mean [A],Irms_std [A],XC_mean [Ohm],XC_std [Ohm]
200.0,0.005,0.6232439092657144,0.0,0.003970227826666666,9.816924815196861e-06,156.98002179170976,0.38833211677782176
500.0,0.002,0.375049407254992,0.0019106173086817179,0.005826171333333334,7.182540664251777e-06,64.37339482262962,0.3675626218777242
1000.0,0.001,0.20958645743902457,3.3993498887762956e-17,0.006412467766666667,1.051630302907972e-05,32.684270802814645,0.05356841533808579
2000.0,0.0005,0.10847017949155426,0.0006368683741567609,0.0065945071800000005,9.186052909236979e-06,16.44849770340284,0.073982500375198
5000.0,0.0002,0.044781448008740656,0.00028307762955240734,0.0066442169866666664,4.379976064390714e-06,6.7399308146413075,0.04632486702292232
