Frequency [Hz],1/f [1/Hz],Vrms_mean [V],Vrms_std [V],Irms_mean [A],Irms_std [A],XC_mean [Ohm],XC_std [Ohm]
200.0,0.005,0.6232439092657144,0.0,0.003970998186666667,9.283494865067534e-06,156.9495003393458,0.36710019737907224
1000.0,0.001,0.21019928666302498,0.0010614513523317679,0.006406054366666666,8.2703440562674e-06,32.81261471110907,0.16519755010553178
2000.0,0.0005,0.10883264589241372,0.0,0.006594364996666667,3.2412757149973872e-06,16.503888316352047,0.008112470082676692
5000.0,0.0002,0.044781448008740656,0.00028307762955240734,0.006642319573333333,8.266818500688328e-07,6.741841878067551,0.04332939589308595
