stage,Frequency [Hz],repeat,Vrms [V],Irms [A],Z [Ohm]
coarse,700.0000000000001,1,0.4293511258873157,0.0120124342,35.74222499277588
coarse,700.0000000000001,2,0.4293511258873157,0.0120139169,35.737813858802014
coarse,822.8541080088764,1,0.32417946061886954,0.012225233,26.517241889694006
coarse,822.8541080088764,2,0.32417946061886954,0.0122373225,26.491044966647692
