stage,Frequency [Hz],repeat,Vrms [V],Irms [A],Z [Ohm]
coarse,100.0,1,0.7125939636789699,0.00250041415,284.9903739662367
coarse,100.0,2,0.7125939636789699,0.00248633046,286.6046871657478
coarse,100.0,3,0.7125939636789699,0.00249130162,286.03279424631444
coarse,100.0,4,0.7125939636789699,0.00248353346,286.9274665133644
coarse,100.0,5,0.7125939636789699,0.0024985685,285.20089150206206
coarse,117.21022975334806,1,0.6966659109793472,0.00279923691,248.87708092536803
coarse,117.21022975334806,2,0.6966659109793472,0.00277754106,250.82110252560847
coarse,117.21022975334806,3,0.6966659109793472,0.00278695184,249.9741477338723
coarse,117.21022975334806,4,0.6966659109793472,0.00278639398,250.02419470463656
